vendors,Label,review
ABJ,Average,"The product is generally well-made and functional, but there are some minor issues. The battery life is short, the case is bulky, and the FM radio has static. However, the product is still a good value for the price."
ABJ,Bad,"The product is generally poorly designed and ineffective, with many users reporting issues such as broken parts, faulty functionality, and poor instructions. Some users have found workarounds or have had positive experiences with older models or different accessories, but overall, the product is not recommended."
ABJ,Good,"The products are generally well-received for their quality, performance, and practicality. Users appreciate the good image quality and ease of use of cameras, the great sound and reasonable price of speakers, and the versatility and functionality of accessories."
AD,Average,"The reviews highlight a mix of satisfaction and disappointment with various tech products. Key issues include poor signal range and static in some devices, as well as problems with build quality and functionality. Users appreciate solid construction in some items, but express frustration with others that fail to perform as expected, such as a CD player that broke quickly and a battery backup with bulky, low-quality speakers. While some products, like a keyboard cover and solid-state drives, are praised for their usefulness, others, like a dual-core GPU and a radio signal device, are criticized for their shortcomings."
AD,Bad,"The reviews cover a variety of tech products with mixed experiences. Common complaints include poor performance, short range, and build quality issues. Specific problems noted are difficulties with Bluetooth connectivity, unreliable devices, and unsatisfactory customer service. Some products, like cases and chargers, are criticized for their design and durability, while others, like certain headphones and wireless adapters, receive positive remarks."
AD,Good,"The reviews cover a range of tech products with mixed results. Highlights include good sound quality from speakers and headphones, reliable performance from external drives, and durable cases."
CG,Average,"The reviews highlight mixed experiences with various tech products. Some items, like the Canon T3i and TV accessories, offer good value and performance, while others, like the TV cover and sound quality of certain devices, have notable issues. Recommendations vary based on product quality and user satisfaction."
CG,Bad,"The reviews cover a range of tech products, highlighting issues with installation, functionality, and quality. Some products, like cases and cameras, received praise for their value and performance, while others faced criticism for poor reliability, build quality, or connectivity problems. Overall, user satisfaction varies widely based on the product and its use."
CG,Good,products were praised for their performance and value.
EG,Average,"The reviews cover a range of products, including audio equipment, video recording gear, laptops, tripods, and cooling systems. They generally reflect mixed experiences, with some products praised for their value and performance, while others are criticized for issues like durability, ease of use, and effectiveness. Customer support responses are noted positively in some cases, but there are frequent concerns about product reliability and functionality."
EG,Bad,"The reviews are a mix of good and bad. Some products receive praise for their performance and value, while others face criticism for durability issues, functionality problems, and poor customer support."
EG,Good,"products are praised for their performance, quality, and value"
KK,Average,"products have issues or are described negatively, such as the camera with shaking issues and the refurbished megaboom with a blown speaker."
KK,Bad," Many products are described as good or great, but there are also some complaints about issues like compatibility, quality, and functionality. Overall, the reviews are mixed."
KK,Good,"products are described positively, with mentions of good quality, value, and performance"
KR,Average,"Many products are described positively, but there are also some complaints about issues like compatibility, quality, and functionality. Overall, the reviews are mixed."
KR,Bad,"Many products are described negatively, with complaints about quality, functionality, and durability. There are also issues with compatibility and customer service."
KR,Good,praised for quality and performance
LA,Average,"Some products are praised for their quality and performance, while others are criticized for their shortcomings or issues. Overall, the text provides a balanced perspective on the products discussed."
LA,Bad,"there were issues with product quality and performance, including poor sound and fit for headphones, faulty mice, unreliable modems, low-quality speakers and styluses, and defective chargers. Customer service is also criticized for being unhelpful."
LA,Good,"The products are praised for their quality, performance, and value."
LAG,Average,"Some products are praised for their quality and performance, while others are criticized for their shortcomings or issues. Overall, the text provides a balanced perspective on the products discussed"
LAG,Bad,"several problems with products, including defects, poor quality, and unsatisfactory performance. Specific issues include malfunctioning items, ineffective customer support, and products that don't meet expectations or fail after a short period.Overall, the products are praised for product quality, effective performance, and user satisfaction."
LAG,Good,"Some products are praised for their quality and performance, while others are criticized for their shortcomings or issues. Overall, the text provides a balanced perspective on the products discussed."
MX,Average,"several problems with products, including defects, poor quality, and unsatisfactory performance. Specific issues include malfunctioning items, ineffective customer support, and products that don't meet expectations or fail after a short period."
MX,Bad,"Overall, the products are praised for product quality, effective performance, and user satisfaction."
MX,Good,"Some products are praised for their quality and performance, while others are criticized for their shortcomings or issues. Overall, the text provides a balanced perspective on the products discussed."
NG,Average,"several problems with products, including defects, poor quality, and unsatisfactory performance. Specific issues include malfunctioning items, ineffective customer support, and products that don't meet expectations or fail after a short period."
NG,Bad,"Overall, the products are praised for product quality, effective performance, and user satisfaction."
NG,Good,"Some products are praised for their quality and performance, while others are criticized for their shortcomings or issues. Overall, the text provides a balanced perspective on the products discussed."
OP,Average,"several problems with products, including defects, poor quality, and unsatisfactory performance. Specific issues include malfunctioning items, ineffective customer support, and products that don't meet expectations or fail after a short period."
OP,Bad,"Overall, the products are praised for product quality, effective performance, and user satisfaction."
OP,Good,"Some products are praised for their quality and performance, while others are criticized for their shortcomings or issues. Overall, the text provides a balanced perspective on the products discussed."
OR,Average,"several problems with products, including defects, poor quality, and unsatisfactory performance. Specific issues include malfunctioning items, ineffective customer support, and products that don't meet expectations or fail after a short period."
OR,Bad,"Overall, the products are praised for product quality, effective performance, and user satisfaction."
OR,Good,"Some products are praised for their quality and performance, while others are criticized for their shortcomings or issues. Overall, the text provides a balanced perspective on the products discussed."
PH,Average,"several problems with products, including defects, poor quality, and unsatisfactory performance. Specific issues include malfunctioning items, ineffective customer support, and products that don't meet expectations or fail after a short period."
PH,Bad,"The product is generally well-made and functional, but there are some minor issues. The battery life is short, the case is bulky, and the FM radio has static. However, the product is still a good value for the price."
PH,Good,"The product is generally poorly designed and ineffective, with many users reporting issues such as broken parts, faulty functionality, and poor instructions. Some users have found workarounds or have had positive experiences with older models or different accessories, but overall, the product is not recommended."
PS,Average,"The products are generally well-received for their quality, performance, and practicality. Users appreciate the good image quality and ease of use of cameras, the great sound and reasonable price of speakers, and the versatility and functionality of accessories."
PS,Bad,"The product is generally well-made and functional, but there are some minor issues. The battery life is short, the case is bulky, and the FM radio has static. However, the product is still a good value for the price."
PS,Good,"The product is generally poorly designed and ineffective, with many users reporting issues such as broken parts, faulty functionality, and poor instructions. Some users have found workarounds or have had positive experiences with older models or different accessories, but overall, the product is not recommended."
QW,Average,"The products are generally well-received for their quality, performance, and practicality. Users appreciate the good image quality and ease of use of cameras, the great sound and reasonable price of speakers, and the versatility and functionality of accessories."
QW,Bad,"The product is generally well-made and functional, but there are some minor issues. The battery life is short, the case is bulky, and the FM radio has static. However, the product is still a good value for the price."
QW,Good,"The product is generally poorly designed and ineffective, with many users reporting issues such as broken parts, faulty functionality, and poor instructions. Some users have found workarounds or have had positive experiences with older models or different accessories, but overall, the product is not recommended."
SA,Average,"The products are generally well-received for their quality, performance, and practicality. Users appreciate the good image quality and ease of use of cameras, the great sound and reasonable price of speakers, and the versatility and functionality of accessories."
SA,Bad,"The product is generally well-made and functional, but there are some minor issues. The battery life is short, the case is bulky, and the FM radio has static. However, the product is still a good value for the price."
SA,Good,"The product is generally poorly designed and ineffective, with many users reporting issues such as broken parts, faulty functionality, and poor instructions. Some users have found workarounds or have had positive experiences with older models or different accessories, but overall, the product is not recommended."
SK,Average,"The products are generally well-received for their quality, performance, and practicality. Users appreciate the good image quality and ease of use of cameras, the great sound and reasonable price of speakers, and the versatility and functionality of accessories."
SK,Bad,"The product is generally well-made and functional, but there are some minor issues. The battery life is short, the case is bulky, and the FM radio has static. However, the product is still a good value for the price."
SK,Good,"The product is generally poorly designed and ineffective, with many users reporting issues such as broken parts, faulty functionality, and poor instructions. Some users have found workarounds or have had positive experiences with older models or different accessories, but overall, the product is not recommended."
TA,Average,"The products are generally well-received for their quality, performance, and practicality. Users appreciate the good image quality and ease of use of cameras, the great sound and reasonable price of speakers, and the versatility and functionality of accessories."
TA,Bad,"The product is generally well-made and functional, but there are some minor issues. The battery life is short, the case is bulky, and the FM radio has static. However, the product is still a good value for the price."
TA,Good,"The product is generally poorly designed and ineffective, with many users reporting issues such as broken parts, faulty functionality, and poor instructions. Some users have found workarounds or have had positive experiences with older models or different accessories, but overall, the product is not recommended."
UG,Average,"The products are generally well-received for their quality, performance, and practicality. Users appreciate the good image quality and ease of use of cameras, the great sound and reasonable price of speakers, and the versatility and functionality of accessories."
UG,Bad,"The product is generally well-made and functional, but there are some minor issues. The battery life is short, the case is bulky, and the FM radio has static. However, the product is still a good value for the price."
UG,Good,"The product is generally poorly designed and ineffective, with many users reporting issues such as broken parts, faulty functionality, and poor instructions. Some users have found workarounds or have had positive experiences with older models or different accessories, but overall, the product is not recommended."
ZA,Average,"The products are generally well-received for their quality, performance, and practicality. Users appreciate the good image quality and ease of use of cameras, the great sound and reasonable price of speakers, and the versatility and functionality of accessories."
ZA,Bad,"The product is generally well-made and functional, but there are some minor issues. The battery life is short, the case is bulky, and the FM radio has static. However, the product is still a good value for the price."
ZA,Good,"The product is generally poorly designed and ineffective, with many users reporting issues such as broken parts, faulty functionality, and poor instructions. Some users have found workarounds or have had positive experiences with older models or different accessories, but overall, the product is not recommended."
